etag,paired_etag,pairing_group,pair_index,date,filename,device_type,tags,s3_key,size_mb,last_modified,start_datetime,end_datetime,duration_seconds,paired_overlap_seconds,paired_overlap_pct
33fb6af5a601d57ee5344a73fb9aaa3d,cf71989a72aa8921c54fb8e04d5b6c3f,nexgen_vo2max,2,2025-09-18,20250918_y8aRbQzb_h10.fit,ref,nexgen|vo2max|h10,fit_files/nexgen_vo2max/20250918_y8aRbQzb_h10.fit,0.06,2025-10-13T02:21:16+00:00,2025-09-18T01:54:56+00:00,2025-09-18T03:00:41+00:00,3945,2883,0.7307984790874524
cf71989a72aa8921c54fb8e04d5b6c3f,33fb6af5a601d57ee5344a73fb9aaa3d,nexgen_vo2max,2,2025-09-18,20250918_yq87LlVo_pacer.fit,test,nexgen|vo2max|pacer,fit_files/nexgen_vo2max/20250918_yq87LlVo_pacer.fit,0.05,2025-10-13T02:21:16+00:00,2025-09-18T01:56:22+00:00,2025-09-18T02:44:25+00:00,2883,2883,0.7307984790874524
9fbc5ddd6de15c7c0382539318b4cdcf,36c90bb7a2305dbed4e356e351f02239,nexgen_vo2max,1,2025-09-18,20250918_y7lZ9nXY_pacer.fit,test,nexgen|vo2max|pacer,fit_files/nexgen_vo2max/20250918_y7lZ9nXY_pacer.fit,0.06,2025-10-13T02:21:16+00:00,2025-09-18T06:47:49+00:00,2025-09-18T07:47:53+00:00,3604,3580,0.9933407325194229
36c90bb7a2305dbed4e356e351f02239,9fbc5ddd6de15c7c0382539318b4cdcf,nexgen_vo2max,1,2025-09-18,20250918_5lwjGDka_h10.fit,ref,nexgen|vo2max|h10,fit_files/nexgen_vo2max/20250918_5lwjGDka_h10.fit,0.06,2025-10-13T02:21:16+00:00,2025-09-18T06:48:04+00:00,2025-09-18T07:47:44+00:00,3580,3580,0.9933407325194229
441fb7e564c324ef5ea3de97ad033650,f33ecaeba67b517bd60ddb77b4acf25d,nexgen_vo2max,4,2025-09-19,20250919_5lwjEkra_pacer.fit,test,nexgen|vo2max|pacer,fit_files/nexgen_vo2max/20250919_5lwjEkra_pacer.fit,0.06,2025-10-13T02:21:16+00:00,2025-09-19T01:12:17+00:00,2025-09-19T02:10:00+00:00,3463,3421,0.9830459770114942
f33ecaeba67b517bd60ddb77b4acf25d,441fb7e564c324ef5ea3de97ad033650,nexgen_vo2max,4,2025-09-19,20250919_yzJN8Rv8_h10.fit,ref,nexgen|vo2max|h10,fit_files/nexgen_vo2max/20250919_yzJN8Rv8_h10.fit,0.06,2025-10-13T02:21:16+00:00,2025-09-19T01:12:59+00:00,2025-09-19T02:10:59+00:00,3480,3421,0.9830459770114942
cbef42fd418f684d4b37218f51dd2224,99ca7ad658f513a8bddf36be582281b4,nexgen_vo2max,3,2025-09-19,20250919_5p72Dm1q_pacer.fit,test,nexgen|vo2max|pacer,fit_files/nexgen_vo2max/20250919_5p72Dm1q_pacer.fit,0.06,2025-10-13T02:21:16+00:00,2025-09-19T08:49:41+00:00,2025-09-19T09:48:10+00:00,3509,2913,0.8196398424310636
99ca7ad658f513a8bddf36be582281b4,cbef42fd418f684d4b37218f51dd2224,nexgen_vo2max,3,2025-09-19,20250919_5OEA93kp_h10.fit,ref,nexgen|vo2max|h10,fit_files/nexgen_vo2max/20250919_5OEA93kp_h10.fit,0.06,2025-10-13T02:21:16+00:00,2025-09-19T08:59:37+00:00,2025-09-19T09:58:51+00:00,3554,2913,0.8196398424310636
dfcadb4d075296136b35f404548b67e5,f3246613d4dc16d716f7380ca08e9420,nexgen_vo2max,5,2025-09-25,20250925_PxdlbNrg_h10.fit,ref,nexgen|vo2max|h10,fit_files/nexgen_vo2max/20250925_PxdlbNrg_h10.fit,0.06,2025-10-13T02:21:16+00:00,2025-09-25T09:00:01+00:00,2025-09-25T10:02:53+00:00,3772,3734,0.9899257688229056
f3246613d4dc16d716f7380ca08e9420,dfcadb4d075296136b35f404548b67e5,nexgen_vo2max,5,2025-09-25,20250925_0R92WZ3W_pacer.fit,test,nexgen|vo2max|pacer,fit_files/nexgen_vo2max/20250925_0R92WZ3W_pacer.fit,0.06,2025-10-13T02:21:16+00:00,2025-09-25T09:00:39+00:00,2025-09-25T10:02:53+00:00,3734,3734,0.9899257688229056
fa1876ddcd39ba11178bcdfc4df607e5,22f04e44772576a205e437e7eb0b07ef,nexgen_vo2max,6,2025-10-01,20251001_Pxdl4qq2_pacer.fit,test,nexgen|vo2max|pacer,fit_files/nexgen_vo2max/20251001_Pxdl4qq2_pacer.fit,0.05,2025-10-13T02:21:15+00:00,2025-10-01T09:25:54+00:00,2025-10-01T10:21:38+00:00,3344,3203,0.9578349282296651
22f04e44772576a205e437e7eb0b07ef,fa1876ddcd39ba11178bcdfc4df607e5,nexgen_vo2max,6,2025-10-01,20251001_yJmAL2Aw_h10.fit,ref,nexgen|vo2max|h10,fit_files/nexgen_vo2max/20251001_yJmAL2Aw_h10.fit,0.05,2025-10-13T02:21:16+00:00,2025-10-01T09:27:28+00:00,2025-10-01T10:20:51+00:00,3203,3203,0.9578349282296651
ea0faa63e3c9d683f03eca83f249c15c,d72f32ba0d8276042926f3e9c25ad4c8,nexgen_vo2max,7,2025-10-02,20251002_yV4zDbzg_h10.fit,ref,nexgen|vo2max|h10,fit_files/nexgen_vo2max/20251002_yV4zDbzg_h10.fit,0.99,2025-10-13T02:21:15+00:00,2025-10-02T09:11:31+00:00,2025-10-03T02:03:57+00:00,60746,3359,0.05529582194712409
d72f32ba0d8276042926f3e9c25ad4c8,ea0faa63e3c9d683f03eca83f249c15c,nexgen_vo2max,7,2025-10-02,20251002_0QVpKooM_pacer.fit,test,nexgen|vo2max|pacer,fit_files/nexgen_vo2max/20251002_0QVpKooM_pacer.fit,0.05,2025-10-13T02:21:15+00:00,2025-10-02T09:12:45+00:00,2025-10-02T10:08:44+00:00,3359,3359,0.05529582194712409
b97ca6131cc9c2bc37eca0b663d86bb6,f12045b345413d8620b835c171d9ee15,yifei,1,2025-08-04,20250804_yq8GaJ2z_polar_pacer.fit,test,yifei|pacer,fit_files/yifei/20250804_yq8GaJ2z_polar_pacer.fit,0.07,2025-10-06T05:12:03+00:00,2025-08-04T14:51:25+00:00,2025-08-04T15:40:45+00:00,2960,2422,0.8182432432432433
f12045b345413d8620b835c171d9ee15,b97ca6131cc9c2bc37eca0b663d86bb6,yifei,1,2025-08-04,20250804_watchOS_h10.fit,ref,yifei|h10,fit_files/yifei/20250804_watchOS_h10.fit,0.14,2025-10-06T05:12:03+00:00,2025-08-04T14:51:57+00:00,2025-08-04T15:32:19+00:00,2422,2422,0.8182432432432433
ffa731b5cdbcbdd84522d658226fb981,a4a49af748bc5a9f505d02807cb3b373,yifei,2,2025-08-07,20250807_yJmNxNdD_polar_pacer.fit,test,yifei|pacer,fit_files/yifei/20250807_yJmNxNdD_polar_pacer.fit,0.07,2025-10-06T05:12:04+00:00,2025-08-07T15:15:46+00:00,2025-08-07T16:01:43+00:00,2757,2515,0.9122234312658687
a4a49af748bc5a9f505d02807cb3b373,ffa731b5cdbcbdd84522d658226fb981,yifei,2,2025-08-07,20250807_watchOS_h10.fit,ref,yifei|h10,fit_files/yifei/20250807_watchOS_h10.fit,0.14,2025-10-06T05:12:03+00:00,2025-08-07T15:16:31+00:00,2025-08-07T15:58:26+00:00,2515,2515,0.9122234312658687
d77e749a285666a831d791d313119568,8e92ec54805a3895349f76074905f376,yifei,3,2025-08-11,20250811_PxdGW4x7_pacer.fit,test,yifei|pacer,fit_files/yifei/20250811_PxdGW4x7_pacer.fit,0.07,2025-10-06T05:12:04+00:00,2025-08-11T14:55:30+00:00,2025-08-11T15:45:11+00:00,2981,2304,0.7728950016772895
8e92ec54805a3895349f76074905f376,d77e749a285666a831d791d313119568,yifei,3,2025-08-11,20250811_watchOS_h10.fit,ref,yifei|h10,fit_files/yifei/20250811_watchOS_h10.fit,0.13,2025-10-06T05:12:04+00:00,2025-08-11T14:55:48+00:00,2025-08-11T15:34:12+00:00,2304,2304,0.7728950016772895
04799938a72ff8b0456266b1a1556f82,9637c2e01925ce12ad383fc2e45a6b9a,yifei,4,2025-08-13,20250813_yNoEAWB6_polar_pacer.fit,test,yifei|pacer,fit_files/yifei/20250813_yNoEAWB6_polar_pacer.fit,0.07,2025-10-06T05:12:04+00:00,2025-08-13T15:03:23+00:00,2025-08-13T15:48:21+00:00,2698,2687,0.9828090709583028
9637c2e01925ce12ad383fc2e45a6b9a,04799938a72ff8b0456266b1a1556f82,yifei,4,2025-08-13,20250813_5p7Gpgn3_h10.fit,ref,yifei|h10,fit_files/yifei/20250813_5p7Gpgn3_h10.fit,0.07,2025-10-06T05:12:04+00:00,2025-08-13T15:03:34+00:00,2025-08-13T15:49:08+00:00,2734,2687,0.9828090709583028
5ac054c2b65719ba1e5127a0bf39bf56,297ea6541d48a132f381583c766ef425,yifei,5,2025-08-18,20250818_y1BLQxv4_h10.fit,ref,yifei|h10,fit_files/yifei/20250818_y1BLQxv4_h10.fit,0.07,2025-10-06T05:12:05+00:00,2025-08-18T15:12:25+00:00,2025-08-18T15:59:00+00:00,2795,2739,0.9799642218246869
297ea6541d48a132f381583c766ef425,5ac054c2b65719ba1e5127a0bf39bf56,yifei,5,2025-08-18,20250818_0bVGrg6Q_polar_pacer.fit,test,yifei|pacer,fit_files/yifei/20250818_0bVGrg6Q_polar_pacer.fit,0.07,2025-10-06T05:12:05+00:00,2025-08-18T15:13:12+00:00,2025-08-18T15:58:51+00:00,2739,2739,0.9799642218246869
73bf8f1dc705ecc1389926696ef922ed,144ee53d20c077f1abf86db49af9c0d8,yifei,6,2025-08-21,20250821_yq8Bn6Yq_h10.fit,ref,yifei|h10,fit_files/yifei/20250821_yq8Bn6Yq_h10.fit,0.03,2025-10-06T05:12:05+00:00,2025-08-21T15:19:20+00:00,2025-08-21T15:39:22+00:00,1202,1200,0.9925558312655087
144ee53d20c077f1abf86db49af9c0d8,73bf8f1dc705ecc1389926696ef922ed,yifei,6,2025-08-21,20250821_026k8R6D_polar_pacer.fit,test,yifei|pacer,fit_files/yifei/20250821_026k8R6D_polar_pacer.fit,0.03,2025-10-06T05:12:05+00:00,2025-08-21T15:19:22+00:00,2025-08-21T15:39:31+00:00,1209,1200,0.9925558312655087
4a662724f869f23be692d4211c579e3c,0398544bb00b694a5a50e81f1bfefef1,yifei,7,2025-08-23,20250823_0KZdgRZv_h10.fit,ref,yifei|h10,fit_files/yifei/20250823_0KZdgRZv_h10.fit,0.06,2025-10-06T05:12:05+00:00,2025-08-23T15:09:28+00:00,2025-08-23T15:53:28+00:00,2640,2547,0.9647727272727272
0398544bb00b694a5a50e81f1bfefef1,4a662724f869f23be692d4211c579e3c,yifei,7,2025-08-23,20250823_0KZdgRVB_polar_pacer.fit,test,yifei|pacer,fit_files/yifei/20250823_0KZdgRVB_polar_pacer.fit,0.06,2025-10-06T05:12:05+00:00,2025-08-23T15:11:01+00:00,2025-08-23T15:53:32+00:00,2551,2547,0.9647727272727272
068448d0a03e32e7bdc6fd6a88d45927,9707736e3b2cf67aed2d7028b909da3b,yifei,8,2025-08-24,20250824_5lwD1llz_h10.fit,ref,yifei|h10,fit_files/yifei/20250824_5lwD1llz_h10.fit,0.07,2025-10-06T05:12:05+00:00,2025-08-24T15:35:17+00:00,2025-08-24T16:21:28+00:00,2771,2736,0.9873691808011548
9707736e3b2cf67aed2d7028b909da3b,068448d0a03e32e7bdc6fd6a88d45927,yifei,8,2025-08-24,20250824_y6dMEZv7_polar_pacer.fit,test,yifei|pacer,fit_files/yifei/20250824_y6dMEZv7_polar_pacer.fit,0.07,2025-10-06T05:12:06+00:00,2025-08-24T15:35:36+00:00,2025-08-24T16:21:12+00:00,2736,2736,0.9873691808011548
f11b082c87232f74f5b5d39a7af54c41,521a0c3d68ea9183ef2cb06edf4bcb76,yifei,9,2025-08-27,20250827_yJmaxkdG_h10.fit,ref,yifei|h10,fit_files/yifei/20250827_yJmaxkdG_h10.fit,0.07,2025-10-06T05:12:06+00:00,2025-08-27T15:11:04+00:00,2025-08-27T15:57:14+00:00,2770,2645,0.9548736462093863
521a0c3d68ea9183ef2cb06edf4bcb76,f11b082c87232f74f5b5d39a7af54c41,yifei,9,2025-08-27,20250827_yNoOxppn_polar_pacer.fit,test,yifei|pacer,fit_files/yifei/20250827_yNoOxppn_polar_pacer.fit,0.06,2025-10-06T05:12:06+00:00,2025-08-27T15:12:58+00:00,2025-08-27T15:57:03+00:00,2645,2645,0.9548736462093863
4aa856499ffb570066e8da25340d3040,8f357f0fe0cbdcd2c49a8ee4bf3a8ef6,yifei,10,2025-08-30,20250830_5ZgENxEo_h10.fit,ref,yifei|h10,fit_files/yifei/20250830_5ZgENxEo_h10.fit,0.06,2025-10-06T05:12:06+00:00,2025-08-30T15:28:50+00:00,2025-08-30T16:09:51+00:00,2461,2276,0.9248273059731816
8f357f0fe0cbdcd2c49a8ee4bf3a8ef6,4aa856499ffb570066e8da25340d3040,yifei,10,2025-08-30,20250830_5A2p9zjd_polar_pacer.fit,test,yifei|pacer,fit_files/yifei/20250830_5A2p9zjd_polar_pacer.fit,0.06,2025-10-06T05:12:06+00:00,2025-08-30T15:31:55+00:00,2025-08-30T16:10:00+00:00,2285,2276,0.9248273059731816
c7a015e5027de899d87ff31d6a85cf73,5957b886f209adc2e7e4582e2f294c12,yifei,11,2025-08-31,20250831_5OEZ2r76_h10.fit,ref,yifei|h10,fit_files/yifei/20250831_5OEZ2r76_h10.fit,0.06,2025-10-06T05:12:06+00:00,2025-08-31T15:26:32+00:00,2025-08-31T16:11:20+00:00,2688,2661,0.9899553571428571
5957b886f209adc2e7e4582e2f294c12,c7a015e5027de899d87ff31d6a85cf73,yifei,11,2025-08-31,20250831_PXDb9YQN_polar_pacer.fit,test,yifei|pacer,fit_files/yifei/20250831_PXDb9YQN_polar_pacer.fit,0.06,2025-10-06T05:12:07+00:00,2025-08-31T15:26:38+00:00,2025-08-31T16:10:59+00:00,2661,2661,0.9899553571428571
8a378f4055d9dd982d3662473277710e,cd3c5e5b67f35177f6ed2eea596ede0f,yifei,12,2025-09-02,20250902_PxdDlQe2_polar_pacer.fit,test,yifei|pacer,fit_files/yifei/20250902_PxdDlQe2_polar_pacer.fit,0.06,2025-10-06T05:12:07+00:00,2025-09-02T15:47:39+00:00,2025-09-02T16:27:51+00:00,2412,1625,0.6737147595356551
cd3c5e5b67f35177f6ed2eea596ede0f,8a378f4055d9dd982d3662473277710e,yifei,12,2025-09-02,20250902_watchOS_h10.fit,ref,yifei|h10,fit_files/yifei/20250902_watchOS_h10.fit,0.09,2025-10-06T05:12:07+00:00,2025-09-02T15:48:09+00:00,2025-09-02T16:15:14+00:00,1625,1625,0.6737147595356551
8a27b4c886ead4e507fed9010862e510,a342405853d67ccb7e9e836b4b14fbc9,yifei,13,2025-09-04,20250904_5p7D6MBG_polar_pacer.fit,test,yifei|pacer,fit_files/yifei/20250904_5p7D6MBG_polar_pacer.fit,0.06,2025-10-06T05:12:07+00:00,2025-09-04T15:28:01+00:00,2025-09-04T16:11:29+00:00,2608,2431,0.9321319018404908
a342405853d67ccb7e9e836b4b14fbc9,8a27b4c886ead4e507fed9010862e510,yifei,13,2025-09-04,20250904_watchOS_h10.fit,ref,yifei|h10,fit_files/yifei/20250904_watchOS_h10.fit,0.14,2025-10-06T05:12:01+00:00,2025-09-04T15:28:27+00:00,2025-09-04T16:08:58+00:00,2431,2431,0.9321319018404908
871ba4e789e70059d8b4af1f2c1e0eba,3c96159b3d001c12bad279c35b98ede3,yifei,14,2025-09-07,20250907_PdZ4DVOO_polar_pacer.fit,test,yifei|pacer,fit_files/yifei/20250907_PdZ4DVOO_polar_pacer.fit,0.07,2025-10-06T05:12:01+00:00,2025-09-06T16:21:45+00:00,2025-09-06T17:08:40+00:00,2815,2616,0.9293072824156305
3c96159b3d001c12bad279c35b98ede3,871ba4e789e70059d8b4af1f2c1e0eba,yifei,14,2025-09-07,20250907_watchOS_h10.fit,ref,yifei|h10,fit_files/yifei/20250907_watchOS_h10.fit,0.15,2025-10-06T05:12:01+00:00,2025-09-06T16:22:11+00:00,2025-09-06T17:05:47+00:00,2616,2616,0.9293072824156305
83fc90b0525ce11e07911f43c8215af6,8ab034196b47574b7132952d0a2109a7,yifei,15,2025-09-08,20250908_PdZYGjpA_polar_pacer.fit,test,yifei|pacer,fit_files/yifei/20250908_PdZYGjpA_polar_pacer.fit,0.06,2025-10-06T05:12:02+00:00,2025-09-08T15:01:23+00:00,2025-09-08T15:39:12+00:00,2269,2103,0.9268400176289114
8ab034196b47574b7132952d0a2109a7,83fc90b0525ce11e07911f43c8215af6,yifei,15,2025-09-08,20250908_watchOS_h10.fit,ref,yifei|h10,fit_files/yifei/20250908_watchOS_h10.fit,0.12,2025-10-06T05:12:02+00:00,2025-09-08T15:01:31+00:00,2025-09-08T15:36:34+00:00,2103,2103,0.9268400176289114
7e06b28fb8225e21898a65215c0c004d,a88125a24f7ce9bd30ceb81e68a1ea41,yifei,16,2025-09-10,20250910_yq87eor1_h10.fit,ref,yifei|h10,fit_files/yifei/20250910_yq87eor1_h10.fit,0.1,2025-10-06T05:12:02+00:00,2025-09-10T15:10:15+00:00,2025-09-10T16:19:25+00:00,4150,4144,0.9949579831932773
a88125a24f7ce9bd30ceb81e68a1ea41,7e06b28fb8225e21898a65215c0c004d,yifei,16,2025-09-10,20250910_0jqzV7D4_polar_pacer.fit,test,yifei|pacer,fit_files/yifei/20250910_0jqzV7D4_polar_pacer.fit,0.1,2025-10-06T05:12:02+00:00,2025-09-10T15:10:21+00:00,2025-09-10T16:19:46+00:00,4165,4144,0.9949579831932773
259a0a0cc58374c2b74c090781768637,5e0bddb4f6881322dc112968e01d0e75,yifei,17,2025-09-12,20250912_09z39kvr_polar_pacer.fit,test,yifei|pacer,fit_files/yifei/20250912_09z39kvr_polar_pacer.fit,0.06,2025-10-06T05:12:03+00:00,2025-09-12T15:53:38+00:00,2025-09-12T16:32:04+00:00,2306,2141,0.9284475281873373
5e0bddb4f6881322dc112968e01d0e75,259a0a0cc58374c2b74c090781768637,yifei,17,2025-09-12,20250912_watchOS_h10.fit,ref,yifei|h10,fit_files/yifei/20250912_watchOS_h10.fit,0.12,2025-10-06T05:12:03+00:00,2025-09-12T15:53:53+00:00,2025-09-12T16:29:34+00:00,2141,2141,0.9284475281873373
ff7b2bfe7bcd0d5dc49966acfd025f05,6d945ee6b2fab5d0e03ccf64f18fcd2c,yifei,18,2025-09-15,20250915_5p724krq_polar_pacer.fit,test,yifei|pacer,fit_files/yifei/20250915_5p724krq_polar_pacer.fit,0.08,2025-10-06T05:12:03+00:00,2025-09-15T15:34:16+00:00,2025-09-15T16:31:34+00:00,3438,2623,0.7629435718440954
6d945ee6b2fab5d0e03ccf64f18fcd2c,ff7b2bfe7bcd0d5dc49966acfd025f05,yifei,18,2025-09-15,20250915_watchOS_h10.fit,ref,yifei|h10,fit_files/yifei/20250915_watchOS_h10.fit,0.15,2025-10-06T05:12:03+00:00,2025-09-15T15:34:46+00:00,2025-09-15T16:18:29+00:00,2623,2623,0.7629435718440954
d94f44c6530eefeda1c0b7a94359d2e1,06d8708a8a8e44a56affef57019d8d8f,yifei,19,2025-10-07,20251007_y8aAQa7q_h10.fit,ref,yifei|h10,fit_files/yifei/20251007_y8aAQa7q_h10.fit,0.1,2025-10-13T01:24:30+00:00,2025-10-07T15:16:20+00:00,2025-10-07T16:23:15+00:00,4015,3943,0.9820672478206725
06d8708a8a8e44a56affef57019d8d8f,d94f44c6530eefeda1c0b7a94359d2e1,yifei,19,2025-10-07,20251007_yJmA6Ywa_polar_pacer.fit,test,yifei|pacer,fit_files/yifei/20251007_yJmA6Ywa_polar_pacer.fit,0.1,2025-10-13T01:24:30+00:00,2025-10-07T15:17:28+00:00,2025-10-07T16:23:11+00:00,3943,3943,0.9820672478206725
fb67fd0acb910c9185eb9ebfb57da381,ee5706da63376e44f949f2cb98fbe82b,yifei,20,2025-10-11,20251011_5A2GdN3z_h10.fit,ref,yifei|h10,fit_files/yifei/20251011_5A2GdN3z_h10.fit,0.06,2025-10-13T01:36:33+00:00,2025-10-11T14:49:02+00:00,2025-10-11T15:27:37+00:00,2315,2196,0.9485961123110151
ee5706da63376e44f949f2cb98fbe82b,fb67fd0acb910c9185eb9ebfb57da381,yifei,20,2025-10-11,20251011_PD2AOp4k_pacer.fit,test,yifei|pacer,fit_files/yifei/20251011_PD2AOp4k_pacer.fit,0.05,2025-10-13T01:36:33+00:00,2025-10-11T14:50:41+00:00,2025-10-11T15:27:17+00:00,2196,2196,0.9485961123110151
35537afb8af7a9d8334cb6ec71a1242e,b5ce77a7ce4a40d8dbfb24b2110b7087,yifei,21,2025-10-13,20251013_yzJdZlDV_h10.fit,ref,yifei|h10,fit_files/yifei/20251013_yzJdZlDV_h10.fit,0.13,2025-10-13T01:36:32+00:00,2025-10-12T16:14:04+00:00,2025-10-12T17:45:49+00:00,5505,5427,0.9858310626702997
b5ce77a7ce4a40d8dbfb24b2110b7087,35537afb8af7a9d8334cb6ec71a1242e,yifei,21,2025-10-13,20251013_Pxdl7Xld_pacer.fit,test,yifei|pacer,fit_files/yifei/20251013_Pxdl7Xld_pacer.fit,0.13,2025-10-13T01:36:32+00:00,2025-10-12T16:15:21+00:00,2025-10-12T17:45:48+00:00,5427,5427,0.9858310626702997
8a63bf3feab4e359c5ad3ec916a7ae1f,62136e90df4e8df110284c46ce66d716,yifei,22,2025-10-20,20251020_yNoA2ZL9_h10.fit,ref,yifei|h10,fit_files/yifei/20251020_yNoA2ZL9_h10.fit,0.06,2025-10-23T01:41:50+00:00,2025-10-20T15:20:54+00:00,2025-10-20T16:05:01+00:00,2647,2522,0.9527767283717415
62136e90df4e8df110284c46ce66d716,8a63bf3feab4e359c5ad3ec916a7ae1f,yifei,22,2025-10-20,20251020_yq8Jvg87_pacer.fit,test,yifei|pacer,fit_files/yifei/20251020_yq8Jvg87_pacer.fit,0.06,2025-10-23T01:41:50+00:00,2025-10-20T15:22:40+00:00,2025-10-20T16:04:42+00:00,2522,2522,0.9527767283717415
f0171b85c858159c3f5a53e85c109e0b,eac0733d7366b96e4df2a1ebce7f4a41,yifei,23,2025-10-22,20251022_5eVrVvax_h10.fit,ref,yifei|h10,fit_files/yifei/20251022_5eVrVvax_h10.fit,0.13,2025-10-23T01:41:50+00:00,2025-10-22T14:27:18+00:00,2025-10-22T15:55:44+00:00,5306,5238,0.9871843196381455
eac0733d7366b96e4df2a1ebce7f4a41,f0171b85c858159c3f5a53e85c109e0b,yifei,23,2025-10-22,20251022_y1B2BXNR_pacer.fit,test,yifei|pacer,fit_files/yifei/20251022_y1B2BXNR_pacer.fit,0.13,2025-10-23T01:41:50+00:00,2025-10-22T14:28:26+00:00,2025-10-22T15:55:55+00:00,5249,5238,0.9871843196381455
